ID-modifed,Qual a situação da MORADIA DO GRUPO FAMILIAR?,Qual o principal meio de transporte que você utiliza para vir até a Universidade?,Renda per capita,NORMALIZAÇÃO: RENDA PERCAPITA,Valor Total dos bens familiares,NORMALIZAÇÃO: VALOR TOTAL DOS BENS,Despesas per capita,Normalização : Despesas per capita
1,1,1,166,"0,0572019297",0,0,73,"0,04400241109"
2,2,2,582,"0,2005513439",0,0,155,"0,09342977697"
3,1,1,166,"0,0572019297",0,0,41,"0,02471368294"
4,2,3,205,"0,07064093728",142000,"0,2028571429",20,"0,01205545509"
5,2,2,0,0,0,0,100,"0,06027727547"
6,1,2,478,"0,1647139904",7000,"0,01",111,"0,06690777577"
7,3,1,867,"0,2987594762",9000,"0,01285714286",237,"0,1428571429"
8,2,3,318,"0,1095796003",10806,"0,01543714286",27,"0,01627486438"
9,2,2,1118,"0,3852515507",15000,"0,02142857143",56,"0,03375527426"
10,2,2,1100,"0,3790489318",17000,"0,02428571429",82,"0,04942736588"
11,2,3,500,"0,172294969",0,0,130,"0,07836045811"
12,3,1,241,"0,08304617505",0,0,310,"0,1868595539"
13,3,1,416,"0,1433494142",0,0,232,"0,1398432791"
14,1,3,318,"0,1095796003",21500,"0,03071428571",246,"0,1482820976"
15,3,2,364,"0,1254307374",12200,"0,01742857143",1659,1
16,3,2,318,"0,1095796003",0,0,187,"0,1127185051"
17,2,3,501,"0,1726395589",10000,"0,01428571429",150,"0,0904159132"
18,2,1,318,"0,1095796003",35950,"0,05135714286",160,"0,09644364075"
19,2,1,238,"0,08201240524",45442,"0,06491714286",79,"0,04761904762"
20,1,3,318,"0,1095796003",0,0,221,"0,1332127788"
21,2,2,477,"0,1643694004",18315,"0,02616428571",0,0
22,2,3,468,"0,161268091",10000,"0,01428571429",150,"0,0904159132"
23,1,4,238,"0,08201240524",13000,"0,01857142857",50,"0,03013863773"
24,2,2,238,"0,08201240524",68000,"0,09714285714",45,"0,02712477396"
25,2,2,238,"0,08201240524",30000,"0,04285714286",95,"0,05726341169"
26,2,2,238,"0,08201240524",30000,"0,04285714286",95,"0,05726341169"
27,1,5,690,"0,2377670572",2500,"0,003571428571",65,"0,03918022905"
28,2,2,636,"0,2191592006",0,0,159,"0,09584086799"
29,1,3,318,"0,1095796003",9000,"0,01285714286",20,"0,01205545509"
30,2,2,551,"0,1898690558",0,0,133,"0,08016877637"
31,2,3,551,"0,1898690558",68500,"0,09785714286",152,"0,09162145871"
32,1,1,407,"0,1402481048",0,0,0,0
33,2,3,636,"0,2191592006",60000,"0,08571428571",133,"0,08016877637"
34,2,3,533,"0,1836664369",45000,"0,06428571429",53,"0,031946956"
35,1,2,281,"0,09682977257",0,0,22,"0,0132610006"
36,2,2,238,"0,08201240524",45443,"0,06491857143",54,"0,03254972875"
37,3,3,400,"0,1378359752",0,0,200,"0,1205545509"
38,2,2,1227,"0,4228118539",7000,"0,01",53,"0,031946956"
39,1,1,650,"0,2239834597",0,0,75,"0,0452079566"
40,3,3,555,"0,1912474156",3000,"0,004285714286",287,"0,1729957806"
41,1,3,766,"0,2639558925",0,0,136,"0,08197709464"
42,1,3,702,"0,2419021365",0,0,256,"0,1543098252"
43,1,1,762,"0,2625775327",0,0,0,0
44,3,2,1050,"0,3618194349",13323,"0,01903285714",445,"0,2682338758"
45,2,2,1071,"0,3690558236",0,0,175,"0,1054852321"
46,3,2,375,"0,1292212267",0,0,226,"0,1362266426"
47,1,1,497,"0,1712611992",0,0,50,"0,03013863773"
48,2,3,892,"0,3073742247",90000,"0,1285714286",0,0
49,2,1,488,"0,1681598897",12516,"0,01788",150,"0,0904159132"
50,1,2,1130,"0,3893866299",12000,"0,01714285714",20,"0,01205545509"
51,3,1,500,"0,172294969",0,0,528,"0,3182640145"
52,3,3,494,"0,1702274294",15500,"0,02214285714",145,"0,08740204943"
53,3,5,318,"0,1095796003",0,0,273,"0,164556962"
54,1,1,530,"0,1826326671",0,0,283,"0,1705846896"
55,3,3,763,"0,2629221227",77000,"0,11",280,"0,1687763713"
56,1,3,400,"0,1378359752",42323,"0,06046142857",142,"0,08559373116"
57,2,1,652,"0,2246726396",8000,"0,01142857143",116,"0,06992163954"
58,2,1,933,"0,3215024121",0,0,133,"0,08016877637"
59,1,2,1012,"0,3487250172",51799,"0,07399857143",170,"0,1024713683"
60,2,3,636,"0,2191592006",55000,"0,07857142857",164,"0,09885473177"
61,2,3,676,"0,2329427981",0,0,80,"0,04822182037"
62,3,2,200,"0,06891798759",0,0,233,"0,1404460518"
63,2,3,100,"0,0344589938",6000,"0,008571428571",0,0
64,1,3,570,"0,1964162646",10000,"0,01428571429",32,"0,01928872815"
65,1,3,1202,"0,4141971054",24370,"0,03481428571",122,"0,07353827607"
66,3,2,125,"0,04307374225",8364,"0,01194857143",379,"0,228450874"
67,2,1,790,"0,272226051",80000,"0,1142857143",111,"0,06690777577"
68,2,1,602,"0,2074431427",9500,"0,01357142857",95,"0,05726341169"
69,1,2,364,"0,1254307374",11000,"0,01571428571",36,"0,02169981917"
70,2,2,363,"0,1250861475",133200,"0,1902857143",62,"0,03737191079"
71,1,1,260,"0,08959338387",0,0,66,"0,03978300181"
72,2,2,1093,"0,3766368022",40000,"0,05714285714",130,"0,07836045811"
73,2,5,266,"0,0916609235",2863,"0,00409",53,"0,031946956"
74,2,2,332,"0,1144038594",0,0,18,"0,01084990958"
75,2,1,454,"0,1564438318",15000,"0,02142857143",82,"0,04942736588"
76,2,1,612,"0,210889042",12000,"0,01714285714",135,"0,08137432188"
77,2,3,437,"0,1505858029",0,0,45,"0,02712477396"
78,3,1,253,"0,08718125431",0,0,292,"0,1760096444"
79,1,2,355,"0,122329428",18000,"0,02571428571",101,"0,06088004822"
80,1,2,0,0,9,"0,00001285714286",200,"0,1205545509"
81,2,3,730,"0,2515506547",16000,"0,02285714286",80,"0,04822182037"
82,2,1,400,"0,1378359752",21187,"0,03026714286",88,"0,05304400241"
83,2,2,736,"0,2536181943",26000,"0,03714285714",62,"0,03737191079"
84,1,3,499,"0,171950379",18000,"0,02571428571",69,"0,04159132007"
85,1,2,521,"0,1795313577",12000,"0,01714285714",0,0
86,3,2,360,"0,1240523777",0,0,333,"0,2007233273"
87,2,1,762,"0,2625775327",27000,"0,03857142857",85,"0,05123568415"
88,1,3,300,"0,1033769814",0,0,136,"0,08197709464"
89,1,4,318,"0,1095796003",0,0,23,"0,01386377336"
90,2,1,333,"0,1147484493",0,0,140,"0,08438818565"
91,2,3,0,0,0,0,179,"0,1078963231"
92,2,2,1005,"0,3463128877",92000,"0,1314285714",37,"0,02230259192"
93,1,3,600,"0,2067539628",0,0,82,"0,04942736588"
94,2,2,150,"0,0516884907",0,0,250,"0,1506931887"
95,2,2,567,"0,1953824948",52000,"0,07428571429",150,"0,0904159132"
96,2,3,663,"0,2284631289",2000,"0,002857142857",12,"0,007233273056"
97,3,1,467,"0,160923501",0,0,316,"0,1904761905"
98,2,2,318,"0,1095796003",5000,"0,007142857143",0,0
99,2,3,440,"0,1516195727",0,0,206,"0,1241711875"
100,2,2,882,"0,3039283253",425903,"0,6084328571",32,"0,01928872815"
101,4,3,924,"0,3184011027",46600,"0,06657142857",70,"0,04219409283"
102,4,2,500,"0,172294969",150000,"0,2142857143",385,"0,2320675105"
103,2,2,454,"0,1564438318",60000,"0,08571428571",225,"0,1356238698"
104,3,5,507,"0,1747070986",0,0,437,"0,2634116938"
105,4,2,595,"0,2050310131",0,0,315,"0,1898734177"
106,1,3,235,"0,08097863542",0,0,46,"0,02772754671"
107,2,3,288,"0,09924190214",6701,"0,009572857143",23,"0,01386377336"
108,2,1,527,"0,1815988973",0,0,81,"0,04882459313"
109,2,2,400,"0,1378359752",0,0,194,"0,1169379144"
110,4,6,468,"0,161268091",0,0,250,"0,1506931887"
111,2,3,495,"0,1705720193",100000,"0,1428571429",30,"0,01808318264"
112,2,3,715,"0,2463818057",53500,"0,07642857143",166,"0,1000602773"
113,1,1,381,"0,1312887664",0,0,0,0
114,3,4,675,"0,2325982081",132500,"0,1892857143",252,"0,1518987342"
115,2,2,1116,"0,3845623708",31050,"0,04435714286",170,"0,1024713683"
116,1,1,750,"0,2584424535",65000,"0,09285714286",62,"0,03737191079"
117,2,2,454,"0,1564438318",0,0,82,"0,04942736588"
118,3,5,587,"0,2022742936",14000,"0,02",462,"0,2784810127"
119,2,4,499,"0,171950379",47824,"0,06832",87,"0,05244122966"
120,2,3,715,"0,2463818057",86900,"0,1241428571",133,"0,08016877637"
121,1,1,525,"0,1809097174",15000,"0,02142857143",166,"0,1000602773"
122,2,1,777,"0,2677463818",700000,1,69,"0,04159132007"
123,1,3,907,"0,3125430737",0,0,126,"0,07594936709"
124,3,1,283,"0,09751895245",0,0,375,"0,226039783"
125,3,1,283,"0,09751895245",0,0,375,"0,226039783"
126,2,2,638,"0,2198483804",7000,"0,01",139,"0,0837854129"
127,2,2,1227,"0,4228118539",365000,"0,5214285714",382,"0,2302591923"
128,1,2,318,"0,1095796003",40000,"0,05714285714",76,"0,04581072936"
129,2,3,159,"0,05478980014",19000,"0,02714285714",41,"0,02471368294"
130,1,2,633,"0,2181254307",0,0,86,"0,0518384569"
131,2,2,0,0,0,0,160,"0,09644364075"
132,1,5,362,"0,1247415575",20000,"0,02857142857",112,"0,06751054852"
133,1,2,400,"0,1378359752",0,0,128,"0,0771549126"
134,3,1,606,"0,2088215024",0,0,127,"0,07655213984"
135,2,4,541,"0,1864231564",18000,"0,02571428571",10,"0,006027727547"
136,1,2,288,"0,09924190214",4800,"0,006857142857",25,"0,01506931887"
137,1,2,368,"0,1268090972",0,0,66,"0,03978300181"
138,1,2,566,"0,1950379049",0,0,200,"0,1205545509"
139,3,6,0,0,0,0,80,"0,04822182037"
140,3,1,253,"0,08718125431",0,0,292,"0,1760096444"
141,2,2,250,"0,08614748449",50000,"0,07142857143",82,"0,04942736588"
142,3,2,275,"0,09476223294",16023,"0,02289",191,"0,1151295961"
143,3,2,166,"0,0572019297",0,0,361,"0,2176009644"
144,1,2,750,"0,2584424535",15900,"0,02271428571",10,"0,006027727547"
145,3,2,489,"0,1685044797",0,0,294,"0,1772151899"
146,2,2,692,"0,2384562371",0,0,177,"0,1066907776"
147,3,2,550,"0,1895244659",0,0,450,"0,2712477396"
148,2,5,667,"0,2298414886",31000,"0,04428571429",41,"0,02471368294"
149,2,1,606,"0,2088215024",76000,"0,1085714286",170,"0,1024713683"
150,1,2,358,"0,1233631978",22007,"0,03143857143",66,"0,03978300181"
151,3,2,318,"0,1095796003",0,0,265,"0,15973478"
152,2,5,426,"0,1467953136",11768,"0,01681142857",16,"0,009644364075"
153,2,2,571,"0,1967608546",5600,"0,008",240,"0,1446654611"
154,3,3,300,"0,1033769814",0,0,273,"0,164556962"
155,2,3,494,"0,1702274294",0,0,50,"0,03013863773"
156,3,1,375,"0,1292212267",0,0,646,"0,3893911995"
157,2,2,954,"0,3287388008",0,0,498,"0,3001808318"
158,2,2,297,"0,1023432116",4000,"0,005714285714",58,"0,03496081977"
159,4,2,216,"0,0744314266",10,"0,00001428571429",310,"0,1868595539"
160,2,2,1260,"0,4341833218",0,0,95,"0,05726341169"
161,1,3,459,"0,1581667815",53500,"0,07642857143",26,"0,01567209162"
162,1,3,477,"0,1643694004",10000,"0,01428571429",111,"0,06690777577"
163,3,3,1633,"0,5627153687",17000,"0,02428571429",446,"0,2688366486"
164,4,2,712,"0,2453480358",0,0,283,"0,1705846896"
165,1,2,619,"0,2133011716",56000,"0,08",70,"0,04219409283"
166,1,2,346,"0,1192281185",60000,"0,08571428571",50,"0,03013863773"
167,1,3,628,"0,216402481",0,0,22,"0,0132610006"
168,4,2,720,"0,2481047553",0,0,433,"0,2610006028"
169,4,1,912,"0,3142660234",19000,"0,02714285714",144,"0,08679927667"
170,2,2,500,"0,172294969",0,0,116,"0,06992163954"
171,3,2,468,"0,161268091",17000,"0,02428571429",245,"0,1476793249"
172,2,1,328,"0,1130254997",5,"0,000007142857143",74,"0,04460518385"
173,2,2,564,"0,194348725",0,0,0,0
174,2,1,376,"0,1295658167",33382,"0,04768857143",72,"0,04339963834"
175,2,2,1252,"0,4314266023",0,0,195,"0,1175406872"
176,1,2,966,"0,3328738801",0,0,55,"0,03315250151"
177,1,5,238,"0,08201240524",12500,"0,01785714286",105,"0,06329113924"
178,2,5,700,"0,2412129566",0,0,40,"0,02411091019"
179,2,6,260,"0,08959338387",0,0,0,0
180,2,1,756,"0,2605099931",0,0,118,"0,07112718505"
181,1,1,1166,"0,4017918677",14347,"0,02049571429",173,"0,1042796866"
182,1,2,286,"0,09855272226",7000,"0,01",120,"0,07233273056"
183,2,1,233,"0,08028945555",0,0,171,"0,103074141"
184,1,2,182,"0,06271536871",14369,"0,02052714286",0,0
185,4,3,473,"0,1629910407",0,0,84,"0,05063291139"
186,3,2,1060,"0,3652653343",0,0,580,"0,3496081977"
187,2,2,286,"0,09855272226",7000,"0,01",130,"0,07836045811"
188,1,3,207,"0,07133011716",0,0,27,"0,01627486438"
189,1,3,691,"0,2381116471",0,0,85,"0,05123568415"
190,1,1,250,"0,08614748449",0,0,66,"0,03978300181"
191,2,2,420,"0,1447277739",100000,"0,1428571429",88,"0,05304400241"
192,4,3,1072,"0,3694004135",62814,"0,08973428571",159,"0,09584086799"
193,3,2,266,"0,0916609235",500,"0,0007142857143",140,"0,08438818565"
194,2,2,477,"0,1643694004",150000,"0,2142857143",41,"0,02471368294"
195,1,1,984,"0,339076499",0,0,216,"0,130198915"
196,2,4,525,"0,1809097174",0,0,460,"0,2772754671"
197,2,3,208,"0,0716747071",0,0,72,"0,04339963834"
198,2,1,989,"0,3407994487",148000,"0,2114285714",112,"0,06751054852"
199,2,2,752,"0,2591316334",0,0,178,"0,1072935503"
200,2,2,561,"0,1933149552",11443,"0,01634714286",121,"0,07293550332"
201,2,3,473,"0,1629910407",0,0,0,0
202,3,1,488,"0,1681598897",0,0,470,"0,2833031947"
203,3,3,720,"0,2481047553",0,0,610,"0,3676913803"
204,2,2,567,"0,1953824948",200000,"0,2857142857",75,"0,0452079566"
205,1,2,677,"0,233287388",22694,"0,03242",226,"0,1362266426"
206,4,2,993,"0,3421778084",52000,"0,07428571429",733,"0,4418324292"
207,3,2,636,"0,2191592006",0,0,258,"0,1555153707"
208,3,2,618,"0,2129565817",4000,"0,005714285714",155,"0,09342977697"
209,2,2,566,"0,1950379049",29000,"0,04142857143",200,"0,1205545509"
210,1,2,366,"0,1261199173",10500,"0,015",200,"0,1205545509"
211,2,5,239,"0,08235699518",6879,"0,009827142857",26,"0,01567209162"
212,2,2,477,"0,1643694004",0,0,69,"0,04159132007"
213,1,5,318,"0,1095796003",13790,"0,0197",50,"0,03013863773"
214,2,1,721,"0,2484493453",16201,"0,02314428571",6,"0,003616636528"
215,2,2,399,"0,1374913853",24500,"0,035",33,"0,0198915009"
216,2,2,400,"0,1378359752",11600,"0,01657142857",91,"0,05485232068"
217,3,5,833,"0,2870434183",18000,"0,02571428571",299,"0,1802290536"
218,2,2,0,0,0,0,80,"0,04822182037"
219,1,2,740,"0,2549965541",0,0,0,0
220,1,3,210,"0,07236388697",0,0,72,"0,04339963834"
221,2,2,943,"0,3249483115",27000,"0,03857142857",136,"0,08197709464"
222,2,2,809,"0,2787732598",192000,"0,2742857143",0,0
223,3,2,580,"0,199862164",8500,"0,01214285714",256,"0,1543098252"
224,2,2,640,"0,2205375603",223890,"0,3198428571",58,"0,03496081977"
225,2,2,508,"0,1750516885",7903,"0,01129",141,"0,08499095841"
226,2,1,657,"0,2263955892",100000,"0,1428571429",6,"0,003616636528"
227,2,2,482,"0,1660923501",152000,"0,2171428571",52,"0,03134418324"
228,2,2,468,"0,161268091",12000,"0,01714285714",150,"0,0904159132"
229,2,1,263,"0,09062715369",22000,"0,03142857143",33,"0,0198915009"
230,3,2,1139,"0,3924879394",0,0,1217,"0,7335744424"
231,2,3,488,"0,1681598897",13983,"0,01997571429",30,"0,01808318264"
232,1,1,360,"0,1240523777",0,0,66,"0,03978300181"
233,1,1,200,"0,06891798759",45200,"0,06457142857",25,"0,01506931887"
234,4,3,663,"0,2284631289",0,0,190,"0,1145268234"
235,4,1,925,"0,3187456926",12000,"0,01714285714",137,"0,08257986739"
236,1,1,636,"0,2191592006",0,0,83,"0,05003013864"
237,2,1,1657,"0,5709855272",11350,"0,01621428571",155,"0,09342977697"
238,2,3,753,"0,2594762233",0,0,41,"0,02471368294"
239,3,2,443,"0,1526533425",0,0,183,"0,1103074141"
240,2,2,725,"0,249827705",13979,"0,01997",210,"0,1265822785"
241,1,2,325,"0,1119917298",0,0,0,0
242,4,1,1041,"0,3587181254",303000,"0,4328571429",247,"0,1488848704"
243,3,2,300,"0,1033769814",0,0,160,"0,09644364075"
244,2,5,753,"0,2594762233",0,0,41,"0,02471368294"
245,2,1,1357,"0,4676085458",48480,"0,06925714286",54,"0,03254972875"
246,1,2,380,"0,1309441764",0,0,66,"0,03978300181"
247,3,2,346,"0,1192281185",2500,"0,003571428571",265,"0,15973478"
248,2,4,868,"0,2991040662",183600,"0,2622857143",30,"0,01808318264"
249,1,5,615,"0,2119228119",25900,"0,037",87,"0,05244122966"
250,2,1,899,"0,3097863542",0,0,82,"0,04942736588"
251,4,1,937,"0,3228807719",190000,"0,2714285714",347,"0,2091621459"
252,3,3,0,0,0,0,475,"0,2863170585"
253,2,4,1050,"0,3618194349",130000,"0,1857142857",151,"0,09101868596"
254,3,1,320,"0,1102687802",0,0,110,"0,06630500301"
255,2,1,406,"0,1399035148",68500,"0,09785714286",60,"0,03616636528"
256,2,3,375,"0,1292212267",41042,"0,05863142857",129,"0,07775768535"
257,1,2,403,"0,138869745",0,0,113,"0,06811332128"
258,1,2,382,"0,1316333563",0,0,102,"0,06148282098"
259,1,2,330,"0,1137146795",0,0,20,"0,01205545509"
260,1,1,0,0,0,0,0,0
261,2,2,862,"0,2970365265",6000,"0,008571428571",62,"0,03737191079"
262,3,3,600,"0,2067539628",0,0,360,"0,2169981917"
263,2,2,369,"0,1271536871",0,0,75,"0,0452079566"
264,2,2,702,"0,2419021365",31329,"0,04475571429",250,"0,1506931887"
265,2,3,451,"0,155410062",12000,"0,01714285714",0,0
266,2,2,550,"0,1895244659",0,0,104,"0,06268836649"
267,1,2,418,"0,1440385941",22820,"0,0326",0,0
268,3,2,666,"0,2294968987",6000,"0,008571428571",305,"0,1838456902"
269,1,2,418,"0,1440385941",22820,"0,0326",0,0
270,1,2,419,"0,144383184",0,0,45,"0,02712477396"
271,2,4,200,"0,06891798759",208500,"0,2978571429",40,"0,02411091019"
272,3,2,318,"0,1095796003",0,0,348,"0,2097649186"
273,2,3,400,"0,1378359752",11985,"0,01712142857",195,"0,1175406872"
274,2,1,333,"0,1147484493",0,0,175,"0,1054852321"
275,3,1,522,"0,1798759476",0,0,281,"0,1693791441"
276,2,4,297,"0,1023432116",406000,"0,58",76,"0,04581072936"
277,2,2,750,"0,2584424535",11100,"0,01585714286",157,"0,09463532248"
278,1,2,200,"0,06891798759",0,0,91,"0,05485232068"
279,4,2,310,"0,1068228808",0,0,26,"0,01567209162"
280,3,2,533,"0,1836664369",0,0,66,"0,03978300181"
281,1,3,391,"0,1347346657",0,0,85,"0,05123568415"
282,2,2,470,"0,1619572708",150000,"0,2142857143",58,"0,03496081977"
283,2,2,385,"0,1326671261",26400,"0,03771428571",112,"0,06751054852"
284,2,2,433,"0,1492074431",0,0,100,"0,06027727547"
285,2,3,963,"0,3318401103",150000,"0,2142857143",144,"0,08679927667"
286,1,2,234,"0,08063404549",0,0,125,"0,07534659433"
287,1,5,768,"0,2646450724",1500,"0,002142857143",68,"0,04098854732"
288,2,3,477,"0,1643694004",0,0,25,"0,01506931887"
289,1,2,1500,"0,516884907",140000,"0,2",80,"0,04822182037"
290,1,1,234,"0,08063404549",0,0,75,"0,0452079566"
291,2,1,537,"0,1850447967",40000,"0,05714285714",33,"0,0198915009"
292,1,3,848,"0,2922122674",0,0,98,"0,05907172996"
293,2,2,559,"0,1926257753",150000,"0,2142857143",129,"0,07775768535"
294,2,2,675,"0,2325982081",0,0,74,"0,04460518385"
295,2,2,375,"0,1292212267",617000,"0,8814285714",187,"0,1127185051"
296,3,2,350,"0,1206064783",0,0,560,"0,3375527426"
297,2,2,937,"0,3228807719",22000,"0,03142857143",125,"0,07534659433"
298,4,2,727,"0,2505168849",19000,"0,02714285714",245,"0,1476793249"
299,2,3,752,"0,2591316334",90000,"0,1285714286",133,"0,08016877637"
300,1,2,340,"0,1171605789",0,0,175,"0,1054852321"
301,2,2,428,"0,1474844935",218000,"0,3114285714",80,"0,04822182037"
302,2,1,366,"0,1261199173",0,0,107,"0,06449668475"
303,4,2,790,"0,272226051",2000,"0,002857142857",212,"0,127787824"
304,2,3,522,"0,1798759476",3529,"0,005041428571",154,"0,09282700422"
305,1,2,200,"0,06891798759",0,0,153,"0,09222423146"
306,2,1,1080,"0,372157133",236000,"0,3371428571",124,"0,07474382158"
307,1,3,0,0,0,0,45,"0,02712477396"
308,2,2,463,"0,1595451413",75000,"0,1071428571",46,"0,02772754671"
309,1,1,575,"0,1981392143",9233,"0,01319",25,"0,01506931887"
310,4,2,1080,"0,372157133",66000,"0,09428571429",403,"0,2429174201"
311,2,1,1033,"0,3559614059",0,0,111,"0,06690777577"
312,1,2,0,0,0,0,90,"0,05424954792"
313,2,2,420,"0,1447277739",0,0,55,"0,03315250151"
314,4,1,975,"0,3359751895",0,0,331,"0,1995177818"
315,3,2,575,"0,1981392143",11719,"0,01674142857",262,"0,1579264617"
316,3,3,242,"0,08339076499",40000,"0,05714285714",116,"0,06992163954"
317,2,1,460,"0,1585113715",14800,"0,02114285714",100,"0,06027727547"
318,2,3,675,"0,2325982081",322000,"0,46",116,"0,06992163954"
319,2,1,200,"0,06891798759",12000,"0,01714285714",71,"0,04279686558"
320,1,3,650,"0,2239834597",14000,"0,02",302,"0,1820373719"
321,3,2,1581,"0,5447966919",7969,"0,01138428571",365,"0,2200120555"
322,1,1,510,"0,1757408684",120000,"0,1714285714",105,"0,06329113924"
323,1,1,945,"0,3256374914",0,0,100,"0,06027727547"
324,3,2,400,"0,1378359752",0,0,80,"0,04822182037"
325,1,1,803,"0,2767057202",8000,"0,01142857143",40,"0,02411091019"
326,2,1,405,"0,1395589249",300000,"0,4285714286",27,"0,01627486438"
327,1,2,413,"0,1423156444",19302,"0,02757428571",53,"0,031946956"
328,2,3,253,"0,08718125431",3040,"0,004342857143",0,0
329,4,3,318,"0,1095796003",100000,"0,1428571429",318,"0,191681736"
330,3,1,881,"0,3035837354",0,0,354,"0,2133815552"
331,2,2,247,"0,08511371468",18000,"0,02571428571",150,"0,0904159132"
332,4,1,936,"0,3225361819",26000,"0,03714285714",286,"0,1723930078"
333,2,3,300,"0,1033769814",0,0,0,0
334,1,1,740,"0,2549965541",0,0,225,"0,1356238698"
335,3,1,406,"0,1399035148",0,0,521,"0,3140446052"
336,3,4,433,"0,1492074431",9000,"0,01285714286",116,"0,06992163954"
337,2,2,318,"0,1095796003",0,0,50,"0,03013863773"
338,4,2,642,"0,2212267402",0,0,282,"0,1699819168"
339,4,2,475,"0,1636802205",50000,"0,07142857143",124,"0,07474382158"
340,4,2,743,"0,2560303239",100000,"0,1428571429",620,"0,3737191079"
341,1,3,318,"0,1095796003",0,0,113,"0,06811332128"
342,1,5,225,"0,07753273604",74500,"0,1064285714",79,"0,04761904762"
343,2,3,450,"0,1550654721",5624,"0,008034285714",32,"0,01928872815"
344,2,1,477,"0,1643694004",3000,"0,004285714286",375,"0,226039783"
345,2,2,425,"0,1464507236",172500,"0,2464285714",210,"0,1265822785"
346,3,2,502,"0,1729841489",0,0,425,"0,2561784207"
347,1,2,150,"0,0516884907",10629,"0,01518428571",100,"0,06027727547"
348,3,3,385,"0,1326671261",0,0,266,"0,1603375527"
349,1,2,700,"0,2412129566",0,0,0,0
350,4,2,531,"0,1829772571",0,0,275,"0,1657625075"
351,2,3,526,"0,1812543074",0,0,200,"0,1205545509"
352,2,2,477,"0,1643694004",25046,"0,03578",10,"0,006027727547"
353,2,2,261,"0,08993797381",0,0,101,"0,06088004822"
354,1,3,738,"0,2543073742",28500,"0,04071428571",175,"0,1054852321"
355,2,2,540,"0,1860785665",0,0,256,"0,1543098252"
356,2,2,714,"0,2460372157",48000,"0,06857142857",42,"0,0253164557"
357,3,3,516,"0,177808408",0,0,460,"0,2772754671"
358,2,2,420,"0,1447277739",120000,"0,1714285714",15,"0,00904159132"
359,2,3,344,"0,1185389387",25000,"0,03571428571",63,"0,03797468354"
360,2,1,477,"0,1643694004",0,0,125,"0,07534659433"
361,2,3,400,"0,1378359752",22000,"0,03142857143",54,"0,03254972875"
362,2,2,350,"0,1206064783",0,0,15,"0,00904159132"
363,3,3,725,"0,249827705",0,0,362,"0,2182037372"
364,2,3,954,"0,3287388008",0,0,153,"0,09222423146"
365,3,2,576,"0,1984838043",0,0,385,"0,2320675105"
366,4,2,354,"0,121984838",0,0,54,"0,03254972875"
367,2,3,169,"0,05823569952",50000,"0,07142857143",85,"0,05123568415"
368,1,1,359,"0,1237077877",45000,"0,06428571429",78,"0,04701627486"
369,2,2,500,"0,172294969",6000,"0,008571428571",133,"0,08016877637"
370,2,2,900,"0,3101309442",124500,"0,1778571429",43,"0,02591922845"
371,2,2,426,"0,1467953136",0,0,116,"0,06992163954"
372,1,1,879,"0,3028945555",0,0,40,"0,02411091019"
373,2,2,0,0,0,0,291,"0,1754068716"
374,1,2,433,"0,1492074431",15400,"0,022",139,"0,0837854129"
375,2,4,300,"0,1033769814",9000,"0,01285714286",26,"0,01567209162"
376,1,2,1411,"0,4862164025",25300,"0,03614285714",106,"0,063893912"
377,1,2,959,"0,3304617505",16671,"0,02381571429",140,"0,08438818565"
378,1,2,240,"0,08270158511",0,0,70,"0,04219409283"
379,2,3,718,"0,2474155755",123000,"0,1757142857",115,"0,06931886679"
380,1,2,0,0,60000,"0,08571428571",0,0
381,1,2,240,"0,08270158511",0,0,70,"0,04219409283"
382,2,2,183,"0,06305995865",0,0,106,"0,063893912"
383,2,3,329,"0,1133700896",32000,"0,04571428571",83,"0,05003013864"
384,1,2,133,"0,04583046175",0,0,53,"0,031946956"
385,2,2,632,"0,2177808408",19592,"0,02798857143",290,"0,1748040989"
386,1,5,0,0,80000,"0,1142857143",11,"0,006630500301"
387,2,2,950,"0,3273604411",110000,"0,1571428571",81,"0,04882459313"
388,1,5,225,"0,07753273604",7500,"0,01071428571",87,"0,05244122966"
389,2,3,200,"0,06891798759",50000,"0,07142857143",380,"0,2290536468"
390,3,2,814,"0,2804962095",9000,"0,01285714286",296,"0,1784207354"
391,1,3,153,"0,05272226051",30000,"0,04285714286",14,"0,008438818565"
392,1,4,544,"0,1874569263",12300,"0,01757142857",25,"0,01506931887"
393,2,2,500,"0,172294969",0,0,15,"0,00904159132"
394,4,2,1166,"0,4017918677",0,0,182,"0,1097046414"
395,2,3,713,"0,2456926258",126000,"0,18",83,"0,05003013864"
396,3,2,740,"0,2549965541",0,0,425,"0,2561784207"
397,2,1,500,"0,172294969",120000,"0,1714285714",108,"0,0650994575"
398,2,5,400,"0,1378359752",120000,"0,1714285714",86,"0,0518384569"
399,1,3,528,"0,1819434873",0,0,201,"0,1211573237"
400,1,1,122,"0,04203997243",0,0,3,"0,001808318264"
401,3,1,700,"0,2412129566",0,0,562,"0,3387582881"
402,1,3,494,"0,1702274294",0,0,110,"0,06630500301"
403,2,3,308,"0,1061337009",0,0,58,"0,03496081977"
404,2,3,538,"0,1853893866",149000,"0,2128571429",93,"0,05605786618"
405,3,1,980,"0,3376981392",85000,"0,1214285714",347,"0,2091621459"
406,3,2,818,"0,2818745693",0,0,201,"0,1211573237"
407,4,1,650,"0,2239834597",0,0,304,"0,1832429174"
408,1,3,562,"0,1936595451",32700,"0,04671428571",27,"0,01627486438"
409,4,2,350,"0,1206064783",0,0,40,"0,02411091019"
410,4,1,850,"0,2929014473",0,0,400,"0,2411091019"
411,2,3,300,"0,1033769814",55000,"0,07857142857",125,"0,07534659433"
412,2,2,1445,"0,4979324604",5000,"0,007142857143",91,"0,05485232068"
413,2,3,357,"0,1230186079",13000,"0,01857142857",66,"0,03978300181"
414,2,1,836,"0,2880771881",80000,"0,1142857143",227,"0,1368294153"
415,2,3,895,"0,3084079945",2000,"0,002857142857",23,"0,01386377336"
416,2,2,1980,"0,6822880772",16990,"0,02427142857",60,"0,03616636528"
417,1,1,1080,"0,372157133",5000,"0,007142857143",136,"0,08197709464"
418,3,2,730,"0,2515506547",0,0,400,"0,2411091019"
419,2,3,620,"0,2136457615",73000,"0,1042857143",166,"0,1000602773"
420,2,1,160,"0,05513439008",0,0,57,"0,03435804702"
421,2,5,266,"0,0916609235",100000,"0,1428571429",16,"0,009644364075"
422,2,2,332,"0,1144038594",2850,"0,004071428571",87,"0,05244122966"
423,1,3,200,"0,06891798759",56000,"0,08",120,"0,07233273056"
424,1,3,267,"0,09200551344",27000,"0,03857142857",145,"0,08740204943"
425,4,2,584,"0,2012405238",0,0,371,"0,223628692"
426,1,2,332,"0,1144038594",2850,"0,004071428571",0,0
427,2,2,700,"0,2412129566",80640,"0,1152",150,"0,0904159132"
428,2,2,650,"0,2239834597",16600,"0,02371428571",37,"0,02230259192"
429,2,6,1105,"0,3807718815",0,0,53,"0,031946956"
430,2,2,477,"0,1643694004",0,0,150,"0,0904159132"
431,2,3,666,"0,2294968987",230000,"0,3285714286",170,"0,1024713683"
432,2,1,560,"0,1929703653",30000,"0,04285714286",77,"0,04641350211"
433,4,1,598,"0,2060647829",140000,"0,2",126,"0,07594936709"
434,2,6,451,"0,155410062",0,0,10,"0,006027727547"
435,1,3,477,"0,1643694004",0,0,285,"0,1717902351"
436,2,3,34,"0,01171605789",28000,"0,04",67,"0,04038577456"
437,3,3,233,"0,08028945555",0,0,242,"0,1458710066"
438,2,2,1354,"0,466574776",0,0,88,"0,05304400241"
439,1,3,766,"0,2639558925",21000,"0,03",118,"0,07112718505"
440,1,1,750,"0,2584424535",80000,"0,1142857143",180,"0,1084990958"
441,2,2,236,"0,08132322536",0,0,46,"0,02772754671"
442,3,1,1250,"0,4307374225",0,0,780,"0,4701627486"
443,1,3,266,"0,0916609235",0,0,53,"0,031946956"
444,4,3,0,0,10000,"0,01428571429",550,"0,3315250151"
445,1,2,0,0,84000,"0,12",15,"0,00904159132"
446,1,2,250,"0,08614748449",0,0,80,"0,04822182037"
447,1,3,250,"0,08614748449",4000,"0,005714285714",80,"0,04822182037"
448,3,2,308,"0,1061337009",0,0,266,"0,1603375527"
449,3,3,286,"0,09855272226",0,0,184,"0,1109101869"
450,4,1,766,"0,2639558925",0,0,53,"0,031946956"
451,1,3,250,"0,08614748449",0,0,125,"0,07534659433"
452,1,2,288,"0,09924190214",0,0,100,"0,06027727547"
453,2,3,579,"0,1995175741",0,0,99,"0,05967450271"
454,2,3,477,"0,1643694004",350000,"0,5",60,"0,03616636528"
455,1,2,1057,"0,3642315644",0,0,30,"0,01808318264"
456,1,2,796,"0,2742935906",10521,"0,01503",16,"0,009644364075"
457,3,2,352,"0,1212956582",12401,"0,01771571429",200,"0,1205545509"
458,2,2,750,"0,2584424535",380000,"0,5428571429",37,"0,02230259192"
459,1,3,896,"0,3087525844",88500,"0,1264285714",25,"0,01506931887"
460,1,2,566,"0,1950379049",0,0,133,"0,08016877637"
461,3,2,352,"0,1212956582",12401,"0,01771571429",200,"0,1205545509"
462,1,3,350,"0,1206064783",13000,"0,01857142857",54,"0,03254972875"
463,1,2,318,"0,1095796003",0,0,86,"0,0518384569"
464,2,3,638,"0,2198483804",5500,"0,007857142857",289,"0,1742013261"
465,3,2,800,"0,2756719504",10000,"0,01428571429",600,"0,3616636528"
466,1,2,400,"0,1378359752",0,0,56,"0,03375527426"
467,2,1,625,"0,2153687112",242000,"0,3457142857",0,0
468,2,2,0,0,0,0,315,"0,1898734177"
469,2,2,196,"0,06753962784",15000,"0,02142857143",60,"0,03616636528"
470,2,2,706,"0,2432804962",0,0,0,0
471,1,1,573,"0,1974500345",4000,"0,005714285714",37,"0,02230259192"
472,4,3,418,"0,1440385941",635300,"0,9075714286",295,"0,1778179626"
473,2,3,684,"0,2356995176",0,0,26,"0,01567209162"
474,2,2,839,"0,289110958",158745,"0,2267785714",134,"0,08077154913"
475,2,5,360,"0,1240523777",0,0,210,"0,1265822785"
476,2,2,466,"0,1605789111",60000,"0,08571428571",205,"0,1235684147"
477,2,3,112,"0,03859407305",0,0,37,"0,02230259192"
478,3,2,703,"0,2422467264",5000,"0,007142857143",321,"0,1934900542"
479,2,2,302,"0,1040661613",0,0,58,"0,03496081977"
480,1,2,0,0,80000,"0,1142857143",133,"0,08016877637"
481,3,2,375,"0,1292212267",0,0,223,"0,1344183243"
482,3,2,378,"0,1302549966",0,0,326,"0,196503918"
483,2,2,160,"0,05513439008",0,0,70,"0,04219409283"
484,1,1,359,"0,1237077877",75000,"0,1071428571",78,"0,04701627486"
485,3,2,100,"0,0344589938",0,0,1050,"0,6329113924"
486,1,2,382,"0,1316333563",15800,"0,02257142857",68,"0,04098854732"
487,1,1,568,"0,1957270848",0,0,70,"0,04219409283"
488,1,1,263,"0,09062715369",0,0,0,0
489,2,2,430,"0,1481736733",17000,"0,02428571429",32,"0,01928872815"
490,1,4,518,"0,1784975879",27000,"0,03857142857",116,"0,06992163954"
491,3,3,932,"0,3211578222",0,0,226,"0,1362266426"
492,2,3,688,"0,2370778773",60695,"0,08670714286",114,"0,06871609403"
493,4,1,600,"0,2067539628",0,0,320,"0,1928872815"
494,2,2,843,"0,2904893177",180000,"0,2571428571",100,"0,06027727547"
495,1,2,986,"0,3397656788",11948,"0,01706857143",35,"0,02109704641"
496,1,1,872,"0,3004824259",0,0,133,"0,08016877637"
497,1,3,425,"0,1464507236",13000,"0,01857142857",27,"0,01627486438"
498,2,3,500,"0,172294969",406000,"0,58",62,"0,03737191079"
499,3,2,860,"0,2963473467",13975,"0,01996428571",391,"0,2356841471"
500,1,3,308,"0,1061337009",0,0,50,"0,03013863773"
501,2,2,566,"0,1950379049",55000,"0,07857142857",56,"0,03375527426"
502,2,3,190,"0,06547208822",34529,"0,04932714286",10,"0,006027727547"
503,2,4,383,"0,1319779462",0,0,170,"0,1024713683"
504,1,3,374,"0,1288766368",0,0,15,"0,00904159132"
505,3,2,477,"0,1643694004",0,0,450,"0,2712477396"
506,2,2,782,"0,2694693315",17500,"0,025",194,"0,1169379144"
507,2,1,715,"0,2463818057",40739,"0,05819857143",87,"0,05244122966"
508,4,5,1312,"0,4521019986",6000,"0,008571428571",120,"0,07233273056"
509,1,2,400,"0,1378359752",0,0,60,"0,03616636528"
510,2,5,350,"0,1206064783",95000,"0,1357142857",0,0
511,1,3,0,0,0,0,25,"0,01506931887"
512,2,2,500,"0,172294969",30,"0,00004285714286",100,"0,06027727547"
513,1,1,830,"0,2860096485",69147,"0,09878142857",0,0
514,1,1,500,"0,172294969",0,0,16,"0,009644364075"
515,3,2,619,"0,2133011716",0,0,375,"0,226039783"
516,2,2,695,"0,2394900069",106500,"0,1521428571",162,"0,09764918626"
517,1,2,450,"0,1550654721",0,0,310,"0,1868595539"
518,3,2,601,"0,2070985527",0,0,413,"0,2489451477"
519,2,3,270,"0,09303928325",15,"0,00002142857143",16,"0,009644364075"
520,2,3,0,0,55000,"0,07857142857",93,"0,05605786618"
521,2,4,738,"0,2543073742",470000,"0,6714285714",237,"0,1428571429"
522,2,5,440,"0,1516195727",14081,"0,02011571429",20,"0,01205545509"
523,2,1,583,"0,2008959338",0,0,50,"0,03013863773"
524,4,3,272,"0,09372846313",0,0,235,"0,1416515973"
525,1,2,407,"0,1402481048",56800,"0,08114285714",0,0
526,2,2,187,"0,0644383184",18432,"0,02633142857",0,0
527,2,3,949,"0,3270158511",0,0,88,"0,05304400241"
528,2,2,988,"0,3404548587",20000,"0,02857142857",133,"0,08016877637"
529,1,2,575,"0,1981392143",0,0,0,0
530,1,2,466,"0,1605789111",18000,"0,02571428571",100,"0,06027727547"
531,3,1,586,"0,2019297037",0,0,258,"0,1555153707"
532,2,3,719,"0,2477601654",3000,"0,004285714286",90,"0,05424954792"
533,1,1,0,0,0,0,97,"0,0584689572"
534,3,3,429,"0,1478290834",59003,"0,08429",120,"0,07233273056"
535,3,2,1081,"0,3725017229",100000,"0,1428571429",311,"0,1874623267"
536,2,4,1300,"0,4479669194",213000,"0,3042857143",100,"0,06027727547"
537,2,2,975,"0,3359751895",0,0,272,"0,1639541893"
538,1,2,281,"0,09682977257",9000,"0,01285714286",45,"0,02712477396"
539,2,2,513,"0,1767746382",48708,"0,06958285714",121,"0,07293550332"
540,1,1,890,"0,3066850448",4500,"0,006428571429",263,"0,1585292345"
541,1,5,450,"0,1550654721",92599,"0,1322842857",83,"0,05003013864"
542,2,2,697,"0,2401791868",0,0,81,"0,04882459313"
543,1,2,170,"0,05858028946",0,0,18,"0,01084990958"
544,2,2,557,"0,1919365955",90000,"0,1285714286",108,"0,0650994575"
545,2,1,496,"0,1709166092",3000,"0,004285714286",166,"0,1000602773"
546,1,1,484,"0,16678153",0,0,37,"0,02230259192"
547,2,3,0,0,16000,"0,02285714286",25,"0,01506931887"
548,2,2,250,"0,08614748449",20,"0,00002857142857",193,"0,1163351417"
549,2,1,1264,"0,4355616816",33645,"0,04806428571",87,"0,05244122966"
550,3,1,590,"0,2033080634",0,0,500,"0,3013863773"
551,3,1,665,"0,2291523088",0,0,257,"0,154912598"
552,1,1,1233,"0,4248793935",0,0,200,"0,1205545509"
553,2,2,342,"0,1178497588",0,0,137,"0,08257986739"
554,3,3,238,"0,08201240524",1700,"0,002428571429",304,"0,1832429174"
555,1,2,604,"0,2081323225",0,0,153,"0,09222423146"
556,2,1,1008,"0,3473466575",3000,"0,004285714286",166,"0,1000602773"
557,1,3,265,"0,09131633356",52000,"0,07428571429",100,"0,06027727547"
558,3,4,528,"0,1819434873",0,0,472,"0,2845087402"
559,2,1,916,"0,3156443832",18000,"0,02571428571",139,"0,0837854129"
560,2,1,625,"0,2153687112",40000,"0,05714285714",107,"0,06449668475"
561,2,2,75,"0,02584424535",7800,"0,01114285714",42,"0,0253164557"
562,1,2,480,"0,1654031702",0,0,108,"0,0650994575"
563,1,3,356,"0,1226740179",97800,"0,1397142857",15,"0,00904159132"
564,2,3,200,"0,06891798759",25000,"0,03571428571",160,"0,09644364075"
565,3,2,666,"0,2294968987",0,0,219,"0,1320072333"
566,3,2,450,"0,1550654721",0,0,425,"0,2561784207"
567,2,1,950,"0,3273604411",0,0,160,"0,09644364075"
568,2,3,481,"0,1657477602",0,0,16,"0,009644364075"
569,1,2,705,"0,2429359063",30,"0,00004285714286",100,"0,06027727547"
570,3,1,1333,"0,4593383873",0,0,333,"0,2007233273"
571,4,2,1057,"0,3642315644",11000,"0,01571428571",137,"0,08257986739"
572,2,1,1325,"0,4565816678",0,0,81,"0,04882459313"
573,3,2,235,"0,08097863542",0,0,300,"0,1808318264"
574,1,2,386,"0,1330117161",0,0,240,"0,1446654611"
575,2,2,903,"0,311164714",1700,"0,002428571429",204,"0,122965642"
576,2,6,0,0,9000,"0,01285714286",30,"0,01808318264"
577,1,1,416,"0,1433494142",29000,"0,04142857143",177,"0,1066907776"
578,2,5,1273,"0,438662991",0,0,173,"0,1042796866"
579,2,2,608,"0,2095106823",0,0,18,"0,01084990958"
580,1,2,551,"0,1898690558",81500,"0,1164285714",70,"0,04219409283"
581,2,3,525,"0,1809097174",0,0,0,0
582,3,2,20,"0,006891798759",10000,"0,01428571429",300,"0,1808318264"
583,3,4,528,"0,1819434873",0,0,472,"0,2845087402"
584,2,3,446,"0,1536871123",0,0,15,"0,00904159132"
585,2,2,487,"0,1678152998",80000,"0,1142857143",59,"0,03556359253"
586,2,1,1000,"0,344589938",36000,"0,05142857143",83,"0,05003013864"
587,2,2,487,"0,1678152998",80000,"0,1142857143",59,"0,03556359253"
588,4,1,190,"0,06547208822",0,0,100,"0,06027727547"
589,1,2,636,"0,2191592006",5000,"0,007142857143",86,"0,0518384569"
590,3,2,738,"0,2543073742",0,0,400,"0,2411091019"
591,1,2,434,"0,1495520331",43835,"0,06262142857",0,0
592,3,1,32,"0,01102687802",0,0,700,"0,4219409283"
593,2,3,312,"0,1075120606",5000,"0,007142857143",230,"0,1386377336"
594,2,2,548,"0,188835286",0,0,72,"0,04339963834"
595,1,1,150,"0,0516884907",0,0,82,"0,04942736588"
596,1,2,1021,"0,3518263267",0,0,245,"0,1476793249"
597,1,2,146,"0,05031013094",0,0,78,"0,04701627486"
598,1,3,842,"0,2901447278",66500,"0,095",90,"0,05424954792"
599,2,1,500,"0,172294969",7000,"0,01",255,"0,1537070524"
600,1,2,400,"0,1378359752",0,0,60,"0,03616636528"
601,1,3,0,0,0,0,100,"0,06027727547"
602,1,3,490,"0,1688490696",15000,"0,02142857143",48,"0,02893309222"
603,1,3,400,"0,1378359752",0,0,60,"0,03616636528"
604,3,3,687,"0,2367332874",0,0,322,"0,194092827"
605,2,2,586,"0,2019297037",49102,"0,07014571429",125,"0,07534659433"
606,1,2,525,"0,1809097174",0,0,330,"0,198915009"
607,2,1,587,"0,2022742936",0,0,121,"0,07293550332"
608,2,4,0,0,3623,"0,005175714286",46,"0,02772754671"
609,2,2,750,"0,2584424535",18000,"0,02571428571",100,"0,06027727547"
610,2,3,359,"0,1237077877",78800,"0,1125714286",0,0
611,2,5,409,"0,1409372846",118000,"0,1685714286",50,"0,03013863773"
612,3,2,290,"0,09993108201",0,0,200,"0,1205545509"
613,2,1,0,0,0,0,17,"0,01024713683"
614,2,1,966,"0,3328738801",0,0,170,"0,1024713683"
615,3,1,750,"0,2584424535",0,0,646,"0,3893911995"
616,3,2,1000,"0,344589938",0,0,687,"0,4141048825"
617,4,2,1111,"0,3828394211",0,0,291,"0,1754068716"
618,3,2,625,"0,2153687112",0,0,220,"0,132610006"
619,2,2,191,"0,06581667815",0,0,76,"0,04581072936"
620,2,4,882,"0,3039283253",45198,"0,06456857143",15,"0,00904159132"
621,2,3,376,"0,1295658167",0,0,31,"0,01868595539"
622,4,2,1242,"0,427980703",44154,"0,06307714286",291,"0,1754068716"
623,3,2,685,"0,2360441075",120000,"0,1714285714",134,"0,08077154913"
624,1,4,450,"0,1550654721",13500,"0,01928571429",0,0
625,1,2,692,"0,2384562371",95188,"0,1359828571",80,"0,04822182037"
626,1,1,692,"0,2384562371",95188,"0,1359828571",80,"0,04822182037"
627,3,2,625,"0,2153687112",17000,"0,02428571429",540,"0,3254972875"
628,3,4,371,"0,127842867",2200,"0,003142857143",409,"0,2465340567"
629,1,2,238,"0,08201240524",200000,"0,2857142857",0,0
630,4,1,664,"0,2288077188",270000,"0,3857142857",459,"0,2766726944"
631,1,2,692,"0,2384562371",95188,"0,1359828571",80,"0,04822182037"
632,2,3,240,"0,08270158511",256000,"0,3657142857",36,"0,02169981917"
633,2,2,982,"0,3383873191",445373,"0,6362471429",100,"0,06027727547"
634,2,2,600,"0,2067539628",160000,"0,2285714286",144,"0,08679927667"
635,2,2,510,"0,1757408684",0,0,115,"0,06931886679"
636,3,1,320,"0,1102687802",0,0,293,"0,1766124171"
637,3,2,549,"0,1891798759",0,0,351,"0,2115732369"
638,1,5,733,"0,2525844245",8000,"0,01142857143",73,"0,04400241109"
639,4,1,922,"0,3177119228",53000,"0,07571428571",218,"0,1314044605"
640,2,1,988,"0,3404548587",250000,"0,3571428571",192,"0,1157323689"
641,2,2,552,"0,1902136458",80000,"0,1142857143",200,"0,1205545509"
642,1,3,579,"0,1995175741",0,0,150,"0,0904159132"
643,2,5,781,"0,2691247416",11000,"0,01571428571",42,"0,0253164557"
644,2,2,729,"0,2512060648",0,0,153,"0,09222423146"
645,2,2,0,0,0,0,40,"0,02411091019"
646,2,1,833,"0,2870434183",129500,"0,185",146,"0,08800482218"
647,1,3,614,"0,2115782219",35000,"0,05",77,"0,04641350211"
648,2,1,770,"0,2653342522",107019,"0,1528842857",25,"0,01506931887"
649,2,2,239,"0,08235699518",123000,"0,1757142857",86,"0,0518384569"
650,3,2,761,"0,2622329428",0,0,270,"0,1627486438"
651,1,1,1233,"0,4248793935",32880,"0,04697142857",248,"0,1494876432"
652,2,2,1250,"0,4307374225",0,0,140,"0,08438818565"
653,2,3,636,"0,2191592006",0,0,233,"0,1404460518"
654,2,1,425,"0,1464507236",0,0,125,"0,07534659433"
655,2,2,485,"0,1671261199",27058,"0,03865428571",100,"0,06027727547"
656,2,1,2902,1,0,0,200,"0,1205545509"
657,3,2,400,"0,1378359752",14500,"0,02071428571",218,"0,1314044605"
658,1,2,700,"0,2412129566",0,0,250,"0,1506931887"
659,2,3,358,"0,1233631978",11000,"0,01571428571",103,"0,06208559373"
660,4,3,1008,"0,3473466575",352000,"0,5028571429",254,"0,1531042797"
661,1,3,318,"0,1095796003",0,0,170,"0,1024713683"
662,3,2,578,"0,1991729841",6809,"0,009727142857",137,"0,08257986739"
663,2,3,724,"0,2494831151",0,0,43,"0,02591922845"
664,2,1,0,0,0,0,100,"0,06027727547"
665,3,2,260,"0,08959338387",0,0,187,"0,1127185051"
666,3,2,659,"0,2270847691",0,0,265,"0,15973478"
667,2,2,280,"0,09648518263",150000,"0,2142857143",236,"0,1422543701"
668,3,2,625,"0,2153687112",0,0,282,"0,1699819168"
669,1,2,716,"0,2467263956",7800,"0,01114285714",170,"0,1024713683"
670,1,3,266,"0,0916609235",20000,"0,02857142857",43,"0,02591922845"
671,3,1,0,0,8500,"0,01214285714",525,"0,3164556962"
672,1,3,563,"0,1940041351",0,0,25,"0,01506931887"
673,4,2,695,"0,2394900069",190290,"0,2718428571",143,"0,08619650392"
674,1,1,1317,"0,4538249483",7394,"0,01056285714",116,"0,06992163954"
675,4,2,1069,"0,3683666437",0,0,348,"0,2097649186"
676,2,2,83,"0,02860096485",38202,"0,05457428571",0,0
677,3,2,0,0,8500,"0,01214285714",525,"0,3164556962"
678,2,1,1215,"0,4186767746",0,0,0,0
679,2,1,311,"0,1071674707",75000,"0,1071428571",0,0
680,2,2,250,"0,08614748449",70382,"0,1005457143",83,"0,05003013864"
681,2,6,1225,"0,422122674",0,0,141,"0,08499095841"
682,2,2,525,"0,1809097174",100000,"0,1428571429",185,"0,1115129596"
683,3,1,400,"0,1378359752",90000,"0,1285714286",325,"0,1959011453"
684,1,3,454,"0,1564438318",0,0,30,"0,01808318264"
685,3,1,913,"0,3146106134",9503,"0,01357571429",306,"0,1844484629"
686,1,2,1272,"0,4383184011",0,0,40,"0,02411091019"
687,3,4,1061,"0,3656099242",79500,"0,1135714286",460,"0,2772754671"
688,2,2,625,"0,2153687112",202000,"0,2885714286",140,"0,08438818565"
689,3,2,851,"0,2932460372",0,0,157,"0,09463532248"
690,2,2,1000,"0,344589938",21200,"0,03028571429",50,"0,03013863773"
691,2,2,954,"0,3287388008",10000,"0,01428571429",0,0
692,2,2,1288,"0,4438318401",12000,"0,01714285714",0,0
693,2,2,552,"0,1902136458",67000,"0,09571428571",38,"0,02290536468"
694,1,3,506,"0,1743625086",8000,"0,01142857143",166,"0,1000602773"
695,3,1,550,"0,1895244659",0,0,385,"0,2320675105"
696,1,2,0,0,0,0,225,"0,1356238698"
697,1,2,577,"0,1988283942",22247,"0,03178142857",32,"0,01928872815"
698,1,3,368,"0,1268090972",3500,"0,005",0,0
699,3,3,850,"0,2929014473",0,0,448,"0,2700421941"
700,3,2,738,"0,2543073742",0,0,533,"0,3212778782"
701,3,2,680,"0,2343211578",0,0,223,"0,1344183243"
702,1,1,679,"0,2339765679",20500,"0,02928571429",100,"0,06027727547"
703,1,3,312,"0,1075120606",71151,"0,1016442857",99,"0,05967450271"
704,2,5,324,"0,1116471399",10000,"0,01428571429",70,"0,04219409283"
705,4,1,868,"0,2991040662",14000,"0,02",235,"0,1416515973"
706,3,2,1018,"0,3507925569",0,0,187,"0,1127185051"
707,3,3,383,"0,1319779462",8505,"0,01215",177,"0,1066907776"
708,1,1,583,"0,2008959338",0,0,66,"0,03978300181"
709,3,2,360,"0,1240523777",8000,"0,01142857143",216,"0,130198915"
710,2,2,544,"0,1874569263",12000,"0,01714285714",36,"0,02169981917"
711,2,2,283,"0,09751895245",24000,"0,03428571429",152,"0,09162145871"
712,4,3,500,"0,172294969",0,0,269,"0,162145871"
713,2,2,530,"0,1826326671",66833,"0,09547571429",33,"0,0198915009"
714,1,2,293,"0,1009648518",0,0,70,"0,04219409283"
715,2,2,477,"0,1643694004",0,0,233,"0,1404460518"
716,2,1,266,"0,0916609235",0,0,50,"0,03013863773"
717,2,4,1032,"0,355616816",287000,"0,41",75,"0,0452079566"
718,3,3,676,"0,2329427981",0,0,360,"0,2169981917"
719,2,2,1010,"0,3480358374",23043,"0,03291857143",60,"0,03616636528"
720,3,1,62,"0,02136457615",0,0,0,0
721,1,2,171,"0,05892487939",0,0,91,"0,05485232068"
722,1,2,233,"0,08028945555",1500,"0,002142857143",100,"0,06027727547"
723,2,2,590,"0,2033080634",328000,"0,4685714286",60,"0,03616636528"
724,1,3,220,"0,07580978635",14500,"0,02071428571",100,"0,06027727547"
725,2,3,183,"0,06305995865",196000,"0,28",13,"0,007836045811"
726,3,3,0,0,0,0,0,0
727,3,3,723,"0,2491385252",11755,"0,01679285714",249,"0,1500904159"
728,2,2,577,"0,1988283942",0,0,117,"0,0705244123"
729,3,1,1166,"0,4017918677",0,0,604,"0,3640747438"
730,4,1,700,"0,2412129566",150000,"0,2142857143",57,"0,03435804702"
731,2,3,707,"0,2436250861",70000,"0,1",197,"0,1187462327"
732,4,2,493,"0,1698828394",0,0,499,"0,3007836046"
733,1,2,60,"0,02067539628",3000,"0,004285714286",20,"0,01205545509"
734,2,3,550,"0,1895244659",3000,"0,004285714286",217,"0,1308016878"
735,1,3,464,"0,1598897312",0,0,50,"0,03013863773"
736,1,2,300,"0,1033769814",4000,"0,005714285714",90,"0,05424954792"
737,2,3,428,"0,1474844935",18000,"0,02571428571",133,"0,08016877637"
738,2,2,477,"0,1643694004",40000,"0,05714285714",75,"0,0452079566"
739,2,2,475,"0,1636802205",30000,"0,04285714286",54,"0,03254972875"
740,2,4,388,"0,1337008959",7884,"0,01126285714",20,"0,01205545509"
741,2,2,550,"0,1895244659",0,0,15,"0,00904159132"
742,2,2,331,"0,1140592695",40000,"0,05714285714",92,"0,05545509343"
743,2,1,440,"0,1516195727",17000,"0,02428571429",162,"0,09764918626"
744,2,6,0,0,0,0,75,"0,0452079566"
745,3,4,625,"0,2153687112",2000,"0,002857142857",580,"0,3496081977"
746,1,2,461,"0,1588559614",13500,"0,01928571429",112,"0,06751054852"
747,2,2,555,"0,1912474156",140000,"0,2",92,"0,05545509343"
748,2,2,318,"0,1095796003",0,0,93,"0,05605786618"
749,1,2,333,"0,1147484493",0,0,0,0
750,1,3,250,"0,08614748449",0,0,157,"0,09463532248"
751,1,1,413,"0,1423156444",7000,"0,01",100,"0,06027727547"
752,4,2,143,"0,04927636113",10000,"0,01428571429",499,"0,3007836046"
753,2,1,723,"0,2491385252",148385,"0,2119785714",115,"0,06931886679"
754,2,2,0,0,120000,"0,1714285714",55,"0,03315250151"
755,3,1,1173,"0,4042039972",19000,"0,02714285714",266,"0,1603375527"
756,3,1,848,"0,2922122674",0,0,533,"0,3212778782"
757,1,3,320,"0,1102687802",7000,"0,01",30,"0,01808318264"
758,2,2,920,"0,3170227429",19000,"0,02714285714",15,"0,00904159132"
759,1,1,1366,"0,4707098553",0,0,100,"0,06027727547"
760,1,3,268,"0,09235010338",0,0,95,"0,05726341169"
761,2,2,275,"0,09476223294",12000,"0,01714285714",179,"0,1078963231"
762,1,2,400,"0,1378359752",0,0,144,"0,08679927667"
763,2,1,850,"0,2929014473",8207,"0,01172428571",133,"0,08016877637"
764,3,1,916,"0,3156443832",0,0,207,"0,1247739602"
765,1,5,238,"0,08201240524",3600,"0,005142857143",20,"0,01205545509"
766,2,3,122,"0,04203997243",0,0,40,"0,02411091019"
767,3,3,318,"0,1095796003",0,0,89,"0,05364677517"
768,3,2,521,"0,1795313577",5500,"0,007857142857",97,"0,0584689572"
769,2,2,1249,"0,4303928325",10500,"0,015",59,"0,03556359253"
770,2,2,814,"0,2804962095",0,0,33,"0,0198915009"
771,4,2,885,"0,3049620951",7800,"0,01114285714",226,"0,1362266426"
772,2,2,767,"0,2643004824",28420,"0,0406",140,"0,08438818565"
773,3,3,0,0,32481,"0,04640142857",154,"0,09282700422"
774,4,2,450,"0,1550654721",0,0,75,"0,0452079566"
775,3,1,902,"0,3108201241",0,0,443,"0,2670283303"
776,2,4,660,"0,2274293591",159000,"0,2271428571",30,"0,01808318264"
777,2,1,700,"0,2412129566",35613,"0,05087571429",30,"0,01808318264"
778,2,2,450,"0,1550654721",100000,"0,1428571429",157,"0,09463532248"
779,3,2,251,"0,08649207443",0,0,255,"0,1537070524"
780,2,1,896,"0,3087525844",10933,"0,01561857143",135,"0,08137432188"
781,2,2,366,"0,1261199173",17000,"0,02428571429",140,"0,08438818565"
782,1,1,290,"0,09993108201",0,0,0,0
783,2,5,636,"0,2191592006",280000,"0,4",133,"0,08016877637"
784,1,2,190,"0,06547208822",0,0,50,"0,03013863773"
785,3,2,1000,"0,344589938",0,0,193,"0,1163351417"
786,2,3,270,"0,09303928325",0,0,50,"0,03013863773"
787,2,2,300,"0,1033769814",22000,"0,03142857143",120,"0,07233273056"
788,4,2,936,"0,3225361819",127000,"0,1814285714",320,"0,1928872815"
789,1,3,337,"0,1161268091",0,0,120,"0,07233273056"
790,2,3,382,"0,1316333563",132000,"0,1885714286",30,"0,01808318264"
791,2,2,412,"0,1419710544",0,0,56,"0,03375527426"
792,3,1,250,"0,08614748449",0,0,360,"0,2169981917"
793,2,2,645,"0,22226051",320000,"0,4571428571",137,"0,08257986739"
794,1,1,750,"0,2584424535",0,0,180,"0,1084990958"
795,1,3,646,"0,2226050999",12968,"0,01852571429",65,"0,03918022905"
796,2,2,308,"0,1061337009",9000,"0,01285714286",14,"0,008438818565"
797,2,4,567,"0,1953824948",82500,"0,1178571429",0,0
798,1,1,220,"0,07580978635",0,0,50,"0,03013863773"
799,2,5,660,"0,2274293591",290220,"0,4146",143,"0,08619650392"
800,2,2,638,"0,2198483804",10000,"0,01428571429",68,"0,04098854732"
801,3,1,636,"0,2191592006",6600,"0,009428571429",305,"0,1838456902"
802,2,3,400,"0,1378359752",60000,"0,08571428571",270,"0,1627486438"
803,2,1,0,0,0,0,87,"0,05244122966"
804,1,6,501,"0,1726395589",0,0,162,"0,09764918626"
805,2,3,190,"0,06547208822",0,0,219,"0,1320072333"
806,2,2,260,"0,08959338387",138000,"0,1971428571",50,"0,03013863773"
807,2,1,785,"0,2705031013",274600,"0,3922857143",256,"0,1543098252"
808,1,2,437,"0,1505858029",0,0,116,"0,06992163954"
809,2,2,557,"0,1919365955",0,0,41,"0,02471368294"
810,1,2,525,"0,1809097174",0,0,82,"0,04942736588"
811,1,2,666,"0,2294968987",0,0,25,"0,01506931887"
812,1,1,1666,"0,5740868367",0,0,35,"0,02109704641"
813,1,2,413,"0,1423156444",0,0,124,"0,07474382158"
814,3,1,850,"0,2929014473",384000,"0,5485714286",446,"0,2688366486"
815,2,2,549,"0,1891798759",7108,"0,01015428571",193,"0,1163351417"
816,2,2,715,"0,2463818057",0,0,27,"0,01627486438"
817,1,4,16,"0,005513439008",0,0,41,"0,02471368294"
818,2,5,660,"0,2274293591",290220,"0,4146",143,"0,08619650392"
819,3,2,377,"0,1299104066",8257,"0,01179571429",366,"0,2206148282"
820,1,2,180,"0,06202618884",0,0,62,"0,03737191079"
821,4,2,419,"0,144383184",22000,"0,03142857143",200,"0,1205545509"
822,2,1,276,"0,09510682288",0,0,0,0
823,1,2,580,"0,199862164",202000,"0,2885714286",0,0
824,4,1,700,"0,2412129566",20000,"0,02857142857",290,"0,1748040989"
825,1,1,316,"0,1088904204",8000,"0,01142857143",126,"0,07594936709"
826,1,2,300,"0,1033769814",16800,"0,024",197,"0,1187462327"
827,3,1,1310,"0,4514128187",3966,"0,005665714286",957,"0,5768535262"
828,2,2,734,"0,2529290145",36000,"0,05142857143",114,"0,06871609403"
829,4,3,1050,"0,3618194349",0,0,292,"0,1760096444"
830,2,1,238,"0,08201240524",0,0,119,"0,07172995781"
831,3,3,145,"0,04996554101",0,0,175,"0,1054852321"
832,2,2,1050,"0,3618194349",13398,"0,01914",75,"0,0452079566"
833,2,1,1194,"0,4114403859",101320,"0,1447428571",67,"0,04038577456"
834,2,3,333,"0,1147484493",112000,"0,16",73,"0,04400241109"
835,3,2,1059,"0,3649207443",0,0,442,"0,2664255576"
836,3,3,145,"0,04996554101",0,0,175,"0,1054852321"
837,1,3,0,0,0,0,190,"0,1145268234"
838,1,3,520,"0,1791867677",150000,"0,2142857143",205,"0,1235684147"
839,3,1,0,0,0,0,300,"0,1808318264"
840,2,2,237,"0,0816678153",28142,"0,04020285714",132,"0,07956600362"
841,2,1,696,"0,2398345968",0,0,200,"0,1205545509"
842,1,2,666,"0,2294968987",0,0,23,"0,01386377336"
843,2,2,318,"0,1095796003",40000,"0,05714285714",83,"0,05003013864"
844,2,1,1376,"0,4741557547",156855,"0,2240785714",100,"0,06027727547"
845,2,2,380,"0,1309441764",10000,"0,01428571429",93,"0,05605786618"
846,2,2,560,"0,1929703653",16500,"0,02357142857",75,"0,0452079566"
847,1,1,433,"0,1492074431",19590,"0,02798571429",94,"0,05666063894"
848,2,2,400,"0,1378359752",31500,"0,045",125,"0,07534659433"
849,2,2,666,"0,2294968987",35245,"0,05035",250,"0,1506931887"
850,3,2,586,"0,2019297037",0,0,313,"0,1886678722"
851,2,2,225,"0,07753273604",0,0,100,"0,06027727547"
852,2,3,1130,"0,3893866299",156500,"0,2235714286",296,"0,1784207354"
853,4,2,733,"0,2525844245",0,0,483,"0,2911392405"
854,2,1,614,"0,2115782219",22360,"0,03194285714",62,"0,03737191079"
855,1,1,609,"0,2098552722",10582,"0,01511714286",21,"0,01265822785"
856,2,3,333,"0,1147484493",112000,"0,16",73,"0,04400241109"
857,1,2,586,"0,2019297037",0,0,138,"0,08318264014"
858,2,1,433,"0,1492074431",120000,"0,1714285714",105,"0,06329113924"
859,2,2,318,"0,1095796003",0,0,187,"0,1127185051"
860,2,4,0,0,35000,"0,05",46,"0,02772754671"
861,3,2,477,"0,1643694004",0,0,500,"0,3013863773"
862,2,3,733,"0,2525844245",0,0,66,"0,03978300181"
863,3,2,712,"0,2453480358",0,0,225,"0,1356238698"
864,2,2,780,"0,2687801516",21000,"0,03",25,"0,01506931887"
865,2,2,350,"0,1206064783",0,0,125,"0,07534659433"
866,4,3,576,"0,1984838043",0,0,563,"0,3393610609"
867,3,1,625,"0,2153687112",0,0,300,"0,1808318264"
868,4,3,1089,"0,3752584425",14900,"0,02128571429",487,"0,2935503315"
869,1,2,257,"0,08855961406",0,0,53,"0,031946956"
870,2,2,238,"0,08201240524",0,0,141,"0,08499095841"
871,3,2,1295,"0,4462439697",0,0,275,"0,1657625075"
872,4,2,636,"0,2191592006",4500,"0,006428571429",51,"0,03074141049"
873,3,1,714,"0,2460372157",200000,"0,2857142857",165,"0,09945750452"
874,4,1,0,0,399000,"0,57",427,"0,2573839662"
875,2,2,239,"0,08235699518",0,0,69,"0,04159132007"
876,2,3,812,"0,2798070296",70000,"0,1",185,"0,1115129596"
877,1,1,232,"0,07994486561",0,0,108,"0,0650994575"
878,2,2,500,"0,172294969",0,0,166,"0,1000602773"
879,3,3,666,"0,2294968987",80000,"0,1142857143",350,"0,2109704641"
880,2,1,636,"0,2191592006",0,0,127,"0,07655213984"
881,3,1,220,"0,07580978635",0,0,525,"0,3164556962"
882,2,2,533,"0,1836664369",13300,"0,019",104,"0,06268836649"
883,1,1,520,"0,1791867677",204619,"0,2923128571",80,"0,04822182037"
884,2,2,133,"0,04583046175",8340,"0,01191428571",66,"0,03978300181"
885,1,2,493,"0,1698828394",0,0,141,"0,08499095841"
886,4,1,755,"0,2601654032",199439,"0,2849128571",291,"0,1754068716"
887,2,2,767,"0,2643004824",0,0,42,"0,0253164557"
888,2,2,658,"0,2267401792",485000,"0,6928571429",0,0
889,2,1,586,"0,2019297037",94000,"0,1342857143",240,"0,1446654611"
890,1,1,450,"0,1550654721",0,0,54,"0,03254972875"
891,2,5,176,"0,06064782908",11000,"0,01571428571",80,"0,04822182037"
892,2,2,762,"0,2625775327",224257,"0,3203671429",128,"0,0771549126"
893,2,3,477,"0,1643694004",6000,"0,008571428571",80,"0,04822182037"
894,2,2,274,"0,094417643",28000,"0,04",0,0
895,2,1,900,"0,3101309442",0,0,266,"0,1603375527"
896,3,3,450,"0,1550654721",0,0,517,"0,3116335142"
897,2,3,685,"0,2360441075",4000,"0,005714285714",80,"0,04822182037"
898,3,2,375,"0,1292212267",10000,"0,01428571429",216,"0,130198915"
899,2,1,1114,"0,3838731909",110000,"0,1571428571",75,"0,0452079566"
900,1,2,1300,"0,4479669194",0,0,190,"0,1145268234"
901,2,1,160,"0,05513439008",39000,"0,05571428571",88,"0,05304400241"
902,1,2,1062,"0,3659545141",0,0,119,"0,07172995781"
903,1,2,267,"0,09200551344",27000,"0,03857142857",87,"0,05244122966"
904,3,4,285,"0,09820813232",50000,"0,07142857143",150,"0,0904159132"
905,2,5,626,"0,2157133012",26000,"0,03714285714",50,"0,03013863773"
906,3,1,477,"0,1643694004",119400,"0,1705714286",437,"0,2634116938"
907,3,1,477,"0,1643694004",119400,"0,1705714286",280,"0,1687763713"
908,2,1,954,"0,3287388008",108171,"0,15453",266,"0,1603375527"
909,4,1,925,"0,3187456926",54500,"0,07785714286",236,"0,1422543701"
910,3,1,0,0,28021,"0,04003",309,"0,1862567812"
911,4,2,1200,"0,4135079256",79000,"0,1128571429",421,"0,2537673297"
912,2,4,165,"0,05685733977",0,0,75,"0,0452079566"
913,2,1,325,"0,1119917298",62000,"0,08857142857",100,"0,06027727547"
914,3,1,471,"0,1623018608",0,0,181,"0,1091018686"
915,3,2,395,"0,1361130255",0,0,159,"0,09584086799"
916,2,2,795,"0,2739490007",0,0,56,"0,03375527426"
917,3,6,1500,"0,516884907",0,0,0,0
918,4,3,268,"0,09235010338",27000,"0,03857142857",26,"0,01567209162"
919,2,2,477,"0,1643694004",0,0,272,"0,1639541893"
920,1,3,63,"0,02170916609",59605,"0,08515",60,"0,03616636528"
921,2,2,875,"0,3015161957",11000,"0,01571428571",175,"0,1054852321"
922,2,1,316,"0,1088904204",0,0,166,"0,1000602773"
923,1,3,938,"0,3232253618",0,0,36,"0,02169981917"
924,2,1,1060,"0,3652653343",30000,"0,04285714286",291,"0,1754068716"
925,2,2,658,"0,2267401792",485000,"0,6928571429",0,0
926,2,2,376,"0,1295658167",7697,"0,01099571429",30,"0,01808318264"
927,3,3,500,"0,172294969",0,0,675,"0,4068716094"
928,2,1,746,"0,2570640937",123000,"0,1757142857",100,"0,06027727547"
929,2,1,487,"0,1678152998",0,0,75,"0,0452079566"
930,1,3,500,"0,172294969",203000,"0,29",0,0
931,3,2,769,"0,2649896623",10000,"0,01428571429",325,"0,1959011453"
932,3,2,683,"0,2353549276",0,0,477,"0,287522604"
933,2,1,575,"0,1981392143",208763,"0,2982328571",50,"0,03013863773"
934,1,2,1360,"0,4686423156",0,0,116,"0,06992163954"
935,2,1,823,"0,283597519",124000,"0,1771428571",123,"0,07414104882"
936,2,2,650,"0,2239834597",0,0,45,"0,02712477396"
937,4,2,1227,"0,4228118539",0,0,134,"0,08077154913"
938,1,2,715,"0,2463818057",0,0,98,"0,05907172996"
939,1,2,1031,"0,3552722261",4000,"0,005714285714",58,"0,03496081977"
940,3,1,533,"0,1836664369",0,0,710,"0,4279686558"
941,1,3,477,"0,1643694004",29000,"0,04142857143",200,"0,1205545509"
942,1,4,475,"0,1636802205",8000,"0,01142857143",50,"0,03013863773"
943,3,6,0,0,0,0,0,0
944,1,1,425,"0,1464507236",15000,"0,02142857143",125,"0,07534659433"
945,1,3,363,"0,1250861475",0,0,43,"0,02591922845"
946,1,1,263,"0,09062715369",6259,"0,008941428571",0,0
947,2,1,927,"0,3194348725",33000,"0,04714285714",140,"0,08438818565"
948,2,6,115,"0,03962784287",0,0,44,"0,02652200121"
949,2,3,0,0,0,0,0,0
950,3,2,333,"0,1147484493",0,0,135,"0,08137432188"
951,2,2,1151,"0,3966230186",0,0,183,"0,1103074141"
952,2,1,1000,"0,344589938",54494,"0,07784857143",108,"0,0650994575"
953,2,1,311,"0,1071674707",0,0,133,"0,08016877637"
954,4,2,442,"0,1523087526",50000,"0,07142857143",104,"0,06268836649"
955,2,2,500,"0,172294969",21500,"0,03071428571",53,"0,031946956"
956,2,2,317,"0,1092350103",0,0,25,"0,01506931887"
957,2,2,775,"0,2670572019",37040,"0,05291428571",200,"0,1205545509"
958,1,1,0,0,0,0,91,"0,05485232068"
959,1,2,480,"0,1654031702",6656,"0,009508571429",20,"0,01205545509"
960,2,4,375,"0,1292212267",25000,"0,03571428571",143,"0,08619650392"
961,3,2,261,"0,08993797381",2500,"0,003571428571",380,"0,2290536468"